epoch,time,train/box_loss,train/cls_loss,train/dfl_loss,metrics/precision(B),metrics/recall(B),metrics/mAP50(B),metrics/mAP50-95(B),val/box_loss,val/cls_loss,val/dfl_loss,lr/pg0,lr/pg1,lr/pg2
1,37.2917,1.92069,4.04338,1.80647,0,0,0,0,1.28423,4.13708,1.47542,2.856e-05,2.856e-05,2.856e-05
2,57.8031,1.76544,4.08129,1.6927,0,0,0,0,1.13647,4.12282,1.36637,6.06548e-05,6.06548e-05,6.06548e-05
3,78.1711,1.56957,3.9727,1.59784,0,0,0,0,1.0475,4.11049,1.31032,9.14301e-05,9.14301e-05,9.14301e-05
4,98.4399,1.41272,3.94254,1.45719,0,0,0,0,1.1056,4.11284,1.32443,0.000120886,0.000120886,0.000120886
5,117.887,1.36229,3.85978,1.41945,0,0,0,0,1.04036,4.07685,1.26046,0.000149022,0.000149022,0.000149022
6,137.45,1.22183,3.78323,1.32821,0.04464,0.00627,0.02596,0.01624,0.89335,4.03289,1.17076,0.000175839,0.000175839,0.000175839
7,156.838,1.25851,3.70198,1.32594,0.10603,0.07774,0.09222,0.0667,0.8223,4.01132,1.12281,0.000201337,0.000201337,0.000201337
8,176.42,1.23838,3.54892,1.34375,0.11861,0.18124,0.15917,0.12186,0.7763,3.95687,1.09178,0.000225515,0.000225515,0.000225515
9,196.146,1.15585,3.5254,1.30866,0.08637,0.28089,0.16218,0.12424,0.79044,3.92594,1.09108,0.000248373,0.000248373,0.000248373
10,217.749,1.10705,3.39814,1.22581,0.0658,0.33641,0.1688,0.12626,0.81201,3.88614,1.09289,0.000269912,0.000269912,0.000269912
11,237.281,1.10239,3.3199,1.25208,0.04476,0.47313,0.22031,0.14694,0.87859,3.73223,1.13784,0.000290132,0.000290132,0.000290132
12,256.577,1.11392,3.23964,1.33621,0.03943,0.55751,0.22058,0.14156,0.91416,3.61569,1.16032,0.000309032,0.000309032,0.000309032
13,275.842,1.08499,3.19151,1.29932,0.19405,0.43784,0.24242,0.15589,0.92148,3.49131,1.16686,0.000326612,0.000326612,0.000326612
14,294.487,1.14787,3.09812,1.27239,0.19405,0.43784,0.24242,0.15589,0.92148,3.49131,1.16686,0.000342873,0.000342873,0.000342873
15,313.722,0.99995,2.98949,1.23383,0.95188,0.08886,0.25936,0.17255,0.88536,3.33871,1.15776,0.000344053,0.000344053,0.000344053
16,334.258,0.92852,2.85594,1.22187,0.8915,0.16641,0.27834,0.18762,0.83617,3.1752,1.12839,0.000334628,0.000334628,0.000334628
17,354.066,1.09987,2.92317,1.29544,0.76264,0.19674,0.30347,0.20711,0.81572,3.03719,1.11076,0.000325203,0.000325203,0.000325203
18,374.273,1.07541,2.90776,1.29776,0.78618,0.25509,0.33181,0.22973,0.83847,2.95012,1.10709,0.000315778,0.000315778,0.000315778
19,395.616,1.0815,2.79551,1.26156,0.67398,0.26592,0.36637,0.25619,0.84682,2.80994,1.11066,0.000306354,0.000306354,0.000306354
20,414.619,1.10664,2.64107,1.26309,0.6656,0.32458,0.39281,0.27741,0.85028,2.65246,1.12331,0.000296929,0.000296929,0.000296929
21,433.175,1.05395,2.68131,1.25371,0.54792,0.38628,0.39777,0.27984,0.86885,2.54024,1.15489,0.000287504,0.000287504,0.000287504
22,451.95,1.05675,2.73961,1.25041,0.54792,0.38628,0.39777,0.27984,0.86885,2.54024,1.15489,0.000278079,0.000278079,0.000278079
23,470.715,1.08759,2.64217,1.26252,0.44672,0.44222,0.37549,0.25607,0.86731,2.42535,1.15198,0.000268654,0.000268654,0.000268654
24,489.587,0.99841,2.44603,1.19948,0.55052,0.42671,0.39252,0.26545,0.86456,2.33495,1.1505,0.00025923,0.00025923,0.00025923
25,508.678,1.13733,2.46092,1.271,0.38107,0.52742,0.40014,0.26725,0.8671,2.29063,1.15765,0.000249805,0.000249805,0.000249805
26,527.472,1.05462,2.43819,1.31883,0.38979,0.53246,0.41266,0.27173,0.88371,2.26113,1.15986,0.00024038,0.00024038,0.00024038
27,546.247,1.15402,2.3856,1.29522,0.40381,0.51515,0.40082,0.2796,0.87025,2.19457,1.14507,0.000230955,0.000230955,0.000230955
28,565.891,1.05436,2.40661,1.29128,0.50406,0.48671,0.42258,0.30011,0.85899,2.11699,1.13656,0.00022153,0.00022153,0.00022153
29,591.744,1.1073,2.18439,1.30939,0.41658,0.47535,0.41651,0.2939,0.85413,2.06951,1.13258,0.000212106,0.000212106,0.000212106
30,610.656,1.04426,2.15264,1.20472,0.41658,0.47535,0.41651,0.2939,0.85413,2.06951,1.13258,0.000202681,0.000202681,0.000202681
31,629.929,1.06306,2.20842,1.25973,0.43138,0.48481,0.42501,0.3003,0.84685,2.01713,1.13108,0.000193256,0.000193256,0.000193256
32,649.611,1.15323,2.14233,1.32897,0.43264,0.4663,0.43085,0.31107,0.81752,2.00048,1.12067,0.000183831,0.000183831,0.000183831
33,669.239,1.0103,2.0736,1.23318,0.55126,0.48082,0.4367,0.31698,0.80305,1.98963,1.10907,0.000174406,0.000174406,0.000174406
34,688.286,1.02962,2.13806,1.29372,0.44659,0.48816,0.44159,0.32568,0.8093,1.96273,1.1063,0.000164982,0.000164982,0.000164982
35,707.131,1.01763,1.98423,1.20493,0.46968,0.50958,0.45442,0.33775,0.8122,1.9489,1.10514,0.000155557,0.000155557,0.000155557
36,725.989,1.09632,2.00084,1.20011,0.49597,0.50076,0.45987,0.34322,0.8073,1.95353,1.10161,0.000146132,0.000146132,0.000146132
37,744.659,1.00598,1.91727,1.20598,0.50967,0.48254,0.47466,0.35332,0.80158,1.9146,1.0987,0.000136707,0.000136707,0.000136707
38,763.217,1.07192,1.98879,1.23703,0.50967,0.48254,0.47466,0.35332,0.80158,1.9146,1.0987,0.000127282,0.000127282,0.000127282
39,782.075,1.04999,1.86089,1.21727,0.52908,0.4536,0.48743,0.36012,0.8019,1.89109,1.10415,0.000117858,0.000117858,0.000117858
40,802.494,1.10441,1.99685,1.28568,0.52966,0.47444,0.49328,0.36428,0.80933,1.85641,1.11095,0.000108433,0.000108433,0.000108433
41,821.842,1.0269,2.07032,1.26263,0.55615,0.49948,0.50439,0.36858,0.81092,1.86302,1.11471,9.9008e-05,9.9008e-05,9.9008e-05
42,840.258,1.12059,2.15422,1.37657,0.55559,0.49233,0.50664,0.36805,0.81346,1.85488,1.11361,8.95832e-05,8.95832e-05,8.95832e-05
43,859.104,1.03354,2.06527,1.28663,0.47324,0.5599,0.49776,0.36504,0.8173,1.84342,1.11127,8.01584e-05,8.01584e-05,8.01584e-05
44,877.944,1.10991,2.02327,1.29158,0.4684,0.54507,0.50268,0.36847,0.81755,1.82705,1.10497,7.07336e-05,7.07336e-05,7.07336e-05
45,896.11,1.00664,1.83753,1.22929,0.47932,0.55864,0.50205,0.37212,0.81701,1.81367,1.1033,6.13088e-05,6.13088e-05,6.13088e-05
46,917.553,0.95316,1.83047,1.2601,0.47932,0.55864,0.50205,0.37212,0.81701,1.81367,1.1033,5.1884e-05,5.1884e-05,5.1884e-05
47,939.415,1.03834,1.92726,1.29109,0.47907,0.56057,0.51035,0.37973,0.81267,1.79336,1.1016,4.24592e-05,4.24592e-05,4.24592e-05
48,958.673,0.90829,1.86743,1.1915,0.4793,0.56031,0.50876,0.38066,0.80947,1.77344,1.09928,3.30344e-05,3.30344e-05,3.30344e-05
49,982.791,0.93148,2.20906,1.16755,0.4732,0.55632,0.51206,0.38258,0.80712,1.75695,1.09822,2.36096e-05,2.36096e-05,2.36096e-05
50,1002.34,0.91493,2.24536,1.22585,0.46828,0.54277,0.51129,0.3823,0.80321,1.74365,1.09491,1.41848e-05,1.41848e-05,1.41848e-05
